{
  "scales": [
    1000,
    10000,
    50000,
    100000
  ],
  "pandas_describe": {
    "time": [
      0.04364418983459473,
      0.016361236572265625,
      0.0403132438659668,
      0.0680081844329834
    ],
    "memory": [
      0.5234375,
      0.00390625,
      0.390625,
      3.9765625
    ]
  },
  "pydataquality_full": {
    "time": [
      0.08218646049499512,
      0.10020065307617188,
      0.13617825508117676,
      0.26193690299987793
    ],
    "memory": [
      0.125,
      1.44140625,
      4.4140625,
      0.0
    ]
  },
  "pydataquality_sampled": {
    "time": [
      0.07415175437927246,
      0.08415746688842773,
      0.06873083114624023,
      0.08180904388427734
    ],
    "memory": [
      0.32421875,
      0.35546875,
      0.2734375,
      0.453125
    ]
  },
  "ydata_profiling": {
    "time": [
      6.933093070983887,
      3.6589951515197754,
      3.4030141830444336,
      3.689399003982544
    ],
    "memory": [
      22.1484375,
      0.515625,
      0.0,
      14.43359375
    ]
  }
}